id,documento
1,"A mudança climática é um problema global urgente, com consequências que variam desde desastres naturais mais frequentes até a mudança nos ecossistemas. Ações imediatas são necessárias para reduzir as emissões de gases de efeito estufa e diminuir o impacto da humanidade no meio ambiente."
2,"A inteligência artificial revolucionou várias indústrias, desde saúde até finanças. À medida que a tecnologia de IA avança, tem o potencial de impactar significativamente nosso cotidiano, tornando as tarefas mais eficientes e precisas."
3,"A pandemia trouxe mudanças significativas na forma como trabalhamos, com o trabalho remoto se tornando uma nova norma. Como resultado, as empresas tiveram que se adaptar e investir em ferramentas digitais e infraestrutura para apoiar essa nova maneira de trabalhar."
4,"A computação quântica tem o potencial de revolucionar o mundo da tecnologia, permitindo cálculos mais complexos e tempos de processamento mais rápidos. Isso pode levar a avanços importantes em campos como criptografia, descoberta de medicamentos e ciência dos materiais."
5,"O aumento da popularidade dos veículos elétricos é um sinal promissor para o meio ambiente, já que produzem menos emissões do que seus equivalentes tradicionais. Investimentos crescentes em infraestrutura de carregamento e tecnologia de baterias serão essenciais para o crescimento contínuo desse mercado."
6,"A mudança climática representa uma ameaça significativa ao nosso planeta, com uma série de consequências, incluindo eventos climáticos mais frequentes e severos, mudanças nos ecossistemas e perda de biodiversidade. Ações urgentes devem ser tomadas para reduzir as emissões de gases de efeito estufa e mitigar os impactos das mudanças climáticas."
7,"O desenvolvimento da inteligência artificial está transformando indústrias em todos os setores, desde medicina até finanças. À medida que a tecnologia de IA continua a progredir, está prestes a ter um impacto de longo alcance em nossas vidas diárias, agilizando tarefas e melhorando a precisão."
8,"A pandemia global levou a uma grande mudança na forma como trabalhamos, com o trabalho remoto se tornando cada vez mais comum. Isso forçou as empresas a se adaptarem e investirem em soluções digitais e infraestrutura para acomodar essa nova maneira de conduzir negócios."
9,"A computação quântica tem o potencial de mudar a face da tecnologia, permitindo cálculos mais complexos e velocidades de processamento mais rápidas. Isso pode resultar em avanços significativos em áreas como criptografia, desenvolvimento de medicamentos e ciência dos materiais."
10,"Os veículos elétricos estão se tornando mais populares, o que é um desenvolvimento positivo para o meio ambiente, uma vez que emitem menos poluentes do que os veículos convencionais. Investimentos contínuos em infraestrutura de carregamento e tecnologia de baterias serão cruciais para o crescimento sustentável desse mercado."
11,"A prática de ioga tem ganhado popularidade em todo o mundo, oferecendo benefícios tanto para a saúde física quanto mental. Estudos mostram que a ioga pode ajudar a reduzir o estresse, melhorar a flexibilidade e aumentar a força muscular."
12,"A agricultura urbana representa uma abordagem sustentável para a produção de alimentos em áreas urbanas densamente povoadas. Ao cultivar alimentos localmente, as fazendas urbanas podem minimizar as emissões de transporte, incentivar hábitos alimentares mais saudáveis e melhorar a qualidade geral de vida nos ambientes urbanos."
13,"O reino da exploração espacial sempre fascinou os seres humanos, ultrapassando os limites de nosso entendimento e capacidades. O recente crescimento em empreendimentos espaciais comerciais revitalizou a indústria espacial, abrindo a porta para novas descobertas e inovações."
14,"Os avanços na tecnologia de realidade virtual têm sido notáveis nos últimos anos, com aplicações que se estendem desde jogos até educação. À medida que a tecnologia continua a evoluir, podemos esperar experiências ainda mais imersivas e envolventes dentro do mundo virtual."
15,"As fontes de energia renovável, como energia solar e eólica, são cruciais para um futuro sustentável. Com o aumento da demanda por energia limpa, o investimento em infraestrutura e tecnologia de energia renovável também deve crescer."
16,"A ioga é uma prática cada vez mais popular em todo o mundo, oferecendo uma série de benefícios para a saúde física e mental. A ioga tem sido associada à redução do estresse, aumento da flexibilidade e desenvolvimento da força muscular."
17,"A agricultura urbana oferece uma solução sustentável para a produção de alimentos em áreas urbanas altamente povoadas. Cultivar alimentos localmente em fazendas urbanas ajuda a reduzir as emissões de transporte, promove hábitos alimentares saudáveis e melhora a qualidade de vida na cidade."
18,"A exploração espacial sempre cativou a humanidade, desafiando os limites de nosso conhecimento e habilidades. O crescimento recente das atividades comerciais no espaço tem impulsionado a indústria espacial, possibilitando novas descobertas e inovações."
19,"Os avanços recentes na tecnologia de realidade virtual são impressionantes, com aplicações que vão desde jogos até educação. À medida que essa tecnologia avança, espera-se que as experiências no mundo virtual se tornem cada vez mais imersivas e envolventes."
20,"As fontes de energia renovável, como a energia solar e eólica, são fundamentais para garantir um futuro mais sustentável. Com a crescente demanda por energia limpa, é essencial investir na infraestrutura e tecnologia de energia renovável."
21,"A importância da cibersegurança tem crescido nos últimos anos, à medida que nossa dependência de tecnologia e sistemas digitais aumenta. Proteger dados sensíveis e manter a integridade das redes digitais é essencial para indivíduos e organizações."
22,"O envelhecimento da população é um desafio global que afeta muitos países, levando a um aumento na demanda por cuidados de saúde e assistência social. É crucial encontrar soluções inovadoras para apoiar o envelhecimento da população, garantindo que os idosos possam viver com dignidade e conforto."
23,"A poluição plástica é um problema ambiental crescente, com milhões de toneladas de plástico descartadas incorretamente a cada ano. A reciclagem e a redução do uso de plástico são fundamentais para combater a poluição plástica e proteger nossos oceanos e vida marinha."
24,"O crescente interesse pela saúde mental destaca a importância de entender e tratar questões relacionadas ao bem-estar emocional. Aumentar a conscientização e o acesso a recursos e tratamentos de saúde mental é fundamental para melhorar a qualidade de vida das pessoas afetadas."
25,"A educação online tem crescido em popularidade, proporcionando aos alunos maior flexibilidade e acesso a uma ampla variedade de cursos e programas. À medida que a tecnologia de ensino à distância continua a evoluir, espera-se que a educação online se torne cada vez mais comum e eficaz."
26,"A cibersegurança é uma preocupação crescente, especialmente à medida que a sociedade se torna cada vez mais dependente de tecnologia e sistemas digitais. Garantir a segurança de dados pessoais e corporativos e proteger a integridade das redes é essencial para indivíduos e empresas."
27,"O envelhecimento da população é um desafio enfrentado por muitos países ao redor do mundo, resultando em maior demanda por serviços de saúde e assistência social. É crucial buscar soluções inovadoras para apoiar os idosos, garantindo que possam viver com dignidade e conforto."
28,"A poluição plástica é uma preocupação ambiental cada vez maior, com milhões de toneladas de resíduos plásticos descartados inadequadamente todos os anos. Abordar este problema requer esforços de reciclagem e redução do uso de plástico para proteger nossos oceanos e ecossistemas marinhos."
29,"A saúde mental tem ganhado maior atenção nos últimos anos, destacando a necessidade de compreender e abordar questões relacionadas ao bem-estar emocional. Aumentar a conscientização e melhorar o acesso a recursos e tratamentos de saúde mental são fundamentais para ajudar aqueles que enfrentam desafios de saúde mental."
30,"A educação a distância tem experimentado um aumento na popularidade, oferecendo aos estudantes flexibilidade e acesso a uma ampla gama de cursos e programas educacionais. Com o avanço contínuo das tecnologias de ensino online, espera-se que a educação a distância se torne cada vez mais prevalente e eficiente."
31,"A indústria da moda tem um impacto significativo na economia global, influenciando tendências e comportamentos do consumidor. Também enfrenta desafios relacionados à sustentabilidade e práticas de produção ética, que precisam ser abordados para minimizar sua pegada ambiental."
32,"O oceano desempenha um papel crucial na regulação do clima da Terra, atuando como um sumidouro de carbono e produzindo uma parte significativa do oxigênio do mundo. A proteção dos oceanos e a conservação da vida marinha são fundamentais para manter a saúde do nosso planeta e garantir a sobrevivência das futuras gerações."
33,"A meditação é uma prática milenar que oferece diversos benefícios para a saúde mental e física. Através da meditação, as pessoas podem reduzir o estresse, melhorar a concentração e desenvolver uma maior consciência de si mesmas e do mundo ao seu redor."
34,"A biodiversidade é essencial para a saúde geral do nosso planeta, contribuindo para a resiliência dos ecossistemas e fornecendo recursos valiosos, como alimentos e medicamentos. A conservação da biodiversidade e a proteção dos habitats naturais são cruciais para garantir a continuidade da vida na Terra."
35,"O turismo é uma indústria importante em muitos países, impulsionando o crescimento econômico e a criação de empregos. No entanto, o turismo também pode ter impactos negativos, como a degradação ambiental e a superlotação em destinos populares. É fundamental promover um turismo responsável e sustentável."
36,"Os oceanos desempenham um papel fundamental na regulação do clima terrestre, absorvendo dióxido de carbono e produzindo uma parcela significativa do oxigênio que respiramos. Preservar a saúde dos oceanos e proteger a vida marinha é crucial para a sustentabilidade do nosso planeta."
37,"A prática da meditação tem sido valorizada ao longo dos séculos pelos seus benefícios à saúde mental e física. A meditação ajuda a aliviar o estresse, aumentar a concentração e promover uma maior compreensão de si mesmo e do mundo que nos rodeia."
38,"A biodiversidade é um componente chave para a saúde do nosso planeta, sustentando a resiliência dos ecossistemas e fornecendo recursos inestimáveis, como alimentos e remédios. A preservação da biodiversidade e a proteção dos habitats naturais são vitais para garantir a sobrevivência das espécies na Terra."
39,"A indústria do turismo é uma fonte significativa de receita e emprego para muitos países, mas também pode trazer problemas, como danos ao meio ambiente e superlotação em locais turísticos. Promover um turismo sustentável e consciente é fundamental para equilibrar os benefícios e desafios do setor."
40,"A moda é uma indústria influente em todo o mundo, moldando tendências e afetando o comportamento do consumidor. No entanto, a indústria enfrenta desafios relacionados à sustentabilidade e práticas éticas de produção, que precisam ser abordados para reduzir seu impacto ambiental."
